"","Method","p geomean","p med","% p.value<0.05","% q.value<0.05","rank mean","rank med","p Wilcox.","p LME","coef. LME"
"GSA",GSA,1.31037069710445e-06,0.15,33.33,33.33,22.4977043158861,23.9669421487603,1,1,0
"PADOG",PADOG,0.0123310603716523,0.05,33.33,33.33,7.96703296703297,7.96703296703297,0.125,0.0431873585583422,-14.5306713488532
"myRand",myRand,0.423372725027191,0.293605549028143,0,0,49.1758241758242,29.3956043956044,1,0.938513325873688,26.678119859938
